[
  {
    "id": "fcf4be1d-1ef5-4595-a991-a53a34b38383",
    "data": [
      {
        "text": "help",
        "meta": "@sys.ignore",
        "userDefined": true
      }
    ],
    "isTemplate": false,
    "count": 0,
    "updated": 1541186734
  },
  {
    "id": "89aebec5-6ac1-48fb-8939-6601d03b1fde",
    "data": [
      {
        "text": "help",
        "meta": "@sys.ignore",
        "userDefined": false
      },
      {
        "text": " me",
        "userDefined": false
      }
    ],
    "isTemplate": false,
    "count": 0,
    "updated": 1541147496
  },
  {
    "id": "ba4c13f9-5568-4bac-9761-d14573c89636",
    "data": [
      {
        "text": "call contacts",
        "userDefined": false
      }
    ],
    "isTemplate": false,
    "count": 0,
    "updated": 1541145116
  },
  {
    "id": "f17f7a8e-6ae9-4e8e-8cd8-ba8f415754e2",
    "data": [
      {
        "text": "I",
        "meta": "@sys.ignore",
        "userDefined": true
      },
      {
        "text": " need ",
        "userDefined": false
      },
      {
        "text": "help",
        "meta": "@sys.ignore",
        "userDefined": false
      }
    ],
    "isTemplate": false,
    "count": 0,
    "updated": 1541337301
  },
  {
    "id": "1665ff66-33b6-45b8-98fc-363f177af75a",
    "data": [
      {
        "text": "help",
        "meta": "@sys.ignore",
        "userDefined": false
      },
      {
        "text": " me ",
        "userDefined": false
      },
      {
        "text": "right",
        "meta": "@sys.ignore",
        "userDefined": true
      },
      {
        "text": " now",
        "userDefined": false
      }
    ],
    "isTemplate": false,
    "count": 0,
    "updated": 1541145116
  }
]