[
  {
    "id": "d5984623-7239-45cf-ab62-15d046708ccf",
    "data": [
      {
        "text": "help",
        "userDefined": false
      }
    ],
    "isTemplate": false,
    "count": 0,
    "updated": 1541249558
  },
  {
    "id": "da9616a4-5aa9-4dc6-80f7-f4b15404ac2a",
    "data": [
      {
        "text": "urgent ",
        "userDefined": false
      },
      {
        "text": "help",
        "alias": "help",
        "meta": "@help",
        "userDefined": true
      }
    ],
    "isTemplate": false,
    "count": 0,
    "updated": 1538965713
  },
  {
    "id": "2d03e670-206a-4296-87d4-81a175d3afb7",
    "data": [
      {
        "text": "need ",
        "userDefined": false
      },
      {
        "text": "help",
        "alias": "help",
        "meta": "@help",
        "userDefined": true
      }
    ],
    "isTemplate": false,
    "count": 0,
    "updated": 1538965713
  },
  {
    "id": "57a3b146-c7bd-455c-80ba-d966f62dea15",
    "data": [
      {
        "text": "urgent",
        "alias": "help",
        "meta": "@help",
        "userDefined": true
      },
      {
        "text": " call",
        "userDefined": false
      }
    ],
    "isTemplate": false,
    "count": 0,
    "updated": 1538965713
  }
]