[
  {
    "id": "72bbdd62-2ee1-4c38-a744-7aac5366e673",
    "data": [
      {
        "text": "room id from line",
        "userDefined": false
      }
    ],
    "isTemplate": false,
    "count": 0,
    "updated": 1541121796
  },
  {
    "id": "6281dce2-bfd5-4276-8f2b-e7d41d0fafbb",
    "data": [
      {
        "text": "show my line\u0027s room id",
        "meta": "@sys.ignore",
        "userDefined": true
      }
    ],
    "isTemplate": false,
    "count": 0,
    "updated": 1541121796
  },
  {
    "id": "c3cd07fa-8e93-406d-a18c-b243d5687dec",
    "data": [
      {
        "text": "get my ",
        "userDefined": false
      },
      {
        "text": "line\u0027s room id",
        "meta": "@sys.ignore",
        "userDefined": true
      }
    ],
    "isTemplate": false,
    "count": 0,
    "updated": 1541121796
  }
]