[
  {
    "id": "a79d2e4c-3116-4f49-996a-00f68b2f64a3",
    "data": [
      {
        "text": "My ",
        "userDefined": false
      },
      {
        "text": "toe",
        "meta": "@sys.ignore",
        "userDefined": false
      },
      {
        "text": " gets ",
        "userDefined": false
      },
      {
        "text": "hurt",
        "alias": "Hurt",
        "meta": "@Hurt",
        "userDefined": false
      }
    ],
    "isTemplate": false,
    "count": 0,
    "updated": 1539239597
  },
  {
    "id": "6b8b96ef-e687-4392-abd7-ad6e53ae3352",
    "data": [
      {
        "text": "very ",
        "userDefined": false
      },
      {
        "text": "hurt",
        "alias": "Hurt",
        "meta": "@Hurt",
        "userDefined": false
      }
    ],
    "isTemplate": false,
    "count": 0,
    "updated": 1538291955
  },
  {
    "id": "93dc6b0f-eccd-45d8-8c3b-3b5e565f1f05",
    "data": [
      {
        "text": " I get my ",
        "userDefined": false
      },
      {
        "text": "heart",
        "meta": "@sys.ignore",
        "userDefined": true
      },
      {
        "text": " broken.",
        "userDefined": false
      }
    ],
    "isTemplate": false,
    "count": 0,
    "updated": 1539239597
  },
  {
    "id": "e2b63c05-9e00-4642-840d-ddba0de7b06a",
    "data": [
      {
        "text": "her ",
        "userDefined": false
      },
      {
        "text": "legs",
        "meta": "@sys.ignore",
        "userDefined": true
      },
      {
        "text": " hurt.",
        "userDefined": false
      }
    ],
    "isTemplate": false,
    "count": 0,
    "updated": 1539239597
  },
  {
    "id": "ff219af6-f395-43fd-9a87-f845f01eb651",
    "data": [
      {
        "text": "The soldier was badly ",
        "userDefined": false
      },
      {
        "text": "wounded",
        "alias": "Hurt",
        "meta": "@Hurt",
        "userDefined": true
      },
      {
        "text": " in the ",
        "userDefined": false
      },
      {
        "text": "head",
        "meta": "@sys.ignore",
        "userDefined": true
      },
      {
        "text": ".",
        "userDefined": false
      }
    ],
    "isTemplate": false,
    "count": 0,
    "updated": 1539239597
  },
  {
    "id": "a96a5bd2-bc0b-4cfb-928a-35bfe97d5b9d",
    "data": [
      {
        "text": "My ",
        "userDefined": false
      },
      {
        "text": "feet",
        "meta": "@sys.ignore",
        "userDefined": true
      },
      {
        "text": " were ",
        "userDefined": false
      },
      {
        "text": "hurt",
        "alias": "Hurt",
        "meta": "@Hurt",
        "userDefined": true
      }
    ],
    "isTemplate": false,
    "count": 0,
    "updated": 1539239597
  },
  {
    "id": "1a56609a-f6e1-45d2-81ad-99da6a267121",
    "data": [
      {
        "text": "It ",
        "userDefined": false
      },
      {
        "text": "hurts",
        "alias": "Hurt",
        "meta": "@Hurt",
        "userDefined": true
      }
    ],
    "isTemplate": false,
    "count": 0,
    "updated": 1538289954
  },
  {
    "id": "f6ec56e0-3769-42c3-a191-3f489edd40bc",
    "data": [
      {
        "text": "toe",
        "meta": "@sys.ignore",
        "userDefined": true
      },
      {
        "text": " ",
        "userDefined": false
      },
      {
        "text": "hurt",
        "alias": "Hurt",
        "meta": "@Hurt",
        "userDefined": true
      }
    ],
    "isTemplate": false,
    "count": 0,
    "updated": 1539239597
  },
  {
    "id": "4c496911-7547-408a-b6f1-1667522d6598",
    "data": [
      {
        "text": "I hurt my ",
        "userDefined": false
      },
      {
        "text": "feet.",
        "meta": "@sys.ignore",
        "userDefined": true
      }
    ],
    "isTemplate": false,
    "count": 0,
    "updated": 1539239597
  },
  {
    "id": "727617ca-511f-478e-b694-c9b4872617d1",
    "data": [
      {
        "text": " ",
        "userDefined": false
      },
      {
        "text": "three",
        "meta": "@sys.ignore",
        "userDefined": false
      },
      {
        "text": " get ",
        "userDefined": false
      },
      {
        "text": "injured",
        "alias": "Hurt",
        "meta": "@Hurt",
        "userDefined": true
      },
      {
        "text": ".",
        "userDefined": false
      }
    ],
    "isTemplate": false,
    "count": 0,
    "updated": 1539238737
  },
  {
    "id": "ac77ba80-39ef-4a16-959a-e0a39f19c7cf",
    "data": [
      {
        "text": "My feet have been ",
        "userDefined": false
      },
      {
        "text": "hurt",
        "alias": "Hurt",
        "meta": "@Hurt",
        "userDefined": true
      },
      {
        "text": ".",
        "userDefined": false
      }
    ],
    "isTemplate": false,
    "count": 0,
    "updated": 1538289954
  },
  {
    "id": "62502508-065e-434e-bb67-3f97adcb3676",
    "data": [
      {
        "text": "I have ",
        "userDefined": false
      },
      {
        "text": "hurt",
        "alias": "Hurt",
        "meta": "@Hurt",
        "userDefined": true
      },
      {
        "text": " my ",
        "userDefined": false
      },
      {
        "text": "feet",
        "meta": "@sys.ignore",
        "userDefined": true
      },
      {
        "text": ".",
        "userDefined": false
      }
    ],
    "isTemplate": false,
    "count": 0,
    "updated": 1539239597
  }
]