[
  {
    "id": "ed6b3d1e-623b-4997-9d58-65a68bc0fa05",
    "data": [
      {
        "text": "I don\u0027t mind",
        "userDefined": false
      }
    ],
    "isTemplate": false,
    "count": 0,
    "updated": 1542162947
  },
  {
    "id": "1382aa58-209f-466e-9c18-df6b6296ab6a",
    "data": [
      {
        "text": "yes I agree",
        "userDefined": false
      }
    ],
    "isTemplate": false,
    "count": 0,
    "updated": 1542162947
  },
  {
    "id": "1670c3b2-f410-482b-8048-251233b1d139",
    "data": [
      {
        "text": "I think so",
        "userDefined": false
      }
    ],
    "isTemplate": false,
    "count": 0,
    "updated": 1542162947
  },
  {
    "id": "c5b60409-32da-4b10-8cab-3d210db774fb",
    "data": [
      {
        "text": "yes that\u0027s alright",
        "userDefined": false
      }
    ],
    "isTemplate": false,
    "count": 0,
    "updated": 1542162947
  },
  {
    "id": "f03f7f26-73fa-43bd-8b02-e28ce68b05c4",
    "data": [
      {
        "text": "yep that\u0027s ok",
        "userDefined": false
      }
    ],
    "isTemplate": false,
    "count": 0,
    "updated": 1542162947
  },
  {
    "id": "8e323f09-681f-423c-858b-357bdba91d9b",
    "data": [
      {
        "text": "that works",
        "userDefined": false
      }
    ],
    "isTemplate": false,
    "count": 0,
    "updated": 1542162947
  },
  {
    "id": "3e91c5d5-93d7-4a5a-b9ef-586661241218",
    "data": [
      {
        "text": "sounds correct",
        "userDefined": false
      }
    ],
    "isTemplate": false,
    "count": 0,
    "updated": 1542162947
  },
  {
    "id": "99907686-06f0-4cf1-9c10-16ef4fe7cf75",
    "data": [
      {
        "text": "okay",
        "userDefined": false
      }
    ],
    "isTemplate": false,
    "count": 0,
    "updated": 1542162947
  },
  {
    "id": "43052b60-3517-4b1f-9ccc-86dd3ddd168a",
    "data": [
      {
        "text": "sure",
        "userDefined": false
      }
    ],
    "isTemplate": false,
    "count": 0,
    "updated": 1542162947
  }
]