[
  {
    "id": "da43987a-93d8-42a7-a536-888709d32385",
    "data": [
      {
        "text": "store line\u0027s ",
        "userDefined": false
      },
      {
        "text": "room",
        "meta": "@sys.ignore",
        "userDefined": true
      },
      {
        "text": " id ",
        "userDefined": false
      },
      {
        "text": "R05eda888ccea4aad78e3f1c626b0c831",
        "alias": "room_id",
        "meta": "@sys.any",
        "userDefined": true
      }
    ],
    "isTemplate": false,
    "count": 0,
    "updated": 1540309593
  },
  {
    "id": "85a58315-f84a-4af4-9c0a-d2cfbdf9d5e2",
    "data": [
      {
        "text": "integrate with line\u0027s room id ",
        "userDefined": false
      },
      {
        "text": "R05eda888ccea4aad78e3f1c626b0c831",
        "alias": "room_id",
        "meta": "@sys.any",
        "userDefined": true
      }
    ],
    "isTemplate": false,
    "count": 0,
    "updated": 1540309593
  },
  {
    "id": "c6280852-d43e-422a-b872-67fa754a04ae",
    "data": [
      {
        "text": "save ",
        "userDefined": false
      },
      {
        "text": "line",
        "meta": "@sys.ignore",
        "userDefined": true
      },
      {
        "text": " id ",
        "userDefined": false
      },
      {
        "text": "w123ojidfADFSAdajfodajaojfdaf",
        "alias": "room_id",
        "meta": "@sys.any",
        "userDefined": true
      }
    ],
    "isTemplate": false,
    "count": 1,
    "updated": 1540907252
  },
  {
    "id": "d9a62eac-4a02-49a5-aa38-e76fc1a9f09a",
    "data": [
      {
        "text": "store ",
        "userDefined": false
      },
      {
        "text": "line id",
        "meta": "@sys.ignore",
        "userDefined": true
      },
      {
        "text": " ",
        "userDefined": false
      },
      {
        "text": "R05eda888ccea4aad78e3f1c626b0c831",
        "alias": "room_id",
        "meta": "@sys.any",
        "userDefined": true
      }
    ],
    "isTemplate": false,
    "count": 0,
    "updated": 1540490557
  }
]